[
  {
    "title": "Escuadra",
    "price": 123.45,
    "thumbnail": "https://cdn3.iconfinder.com/data/icons/education-U9/64/ruler-triangle-stationary-school-256.png",
    "id": 2
  },
  {
    "title": "Calculadora",
    "price": 234.56,
    "thumbnail": "https://cdn3.iconfinder.com/data/icons/education-U9/64/ruler-triangle-stationary-school-256.png",
    "id": 3
  },
  {
    "title": "Compas",
    "price": 1345.56,
    "thumbnail": "https://cdn3.iconfinder.com/data/icons/education-U9/64/ruler-triangle-stationary-school-256.png",
    "id": 4
  },
  {
    "name": "boligrafo",
    "price": "1456",
    "thumbnail": "https://cdn3.iconfinder.com/data/icons/education-U9/64/ruler-triangle-stationary-school-256.png",
    "id": 1
  },
  {
    "name": "lapiz",
    "price": "200",
    "thumbnail": "https://cdn3.iconfinder.com/data/icons/education-U9/64/ruler-triangle-stationary-school-256.png",
    "id": 5
  }
<<<<<<< HEAD
]
=======
]
>>>>>>> 1e9be6727ea3666a35bd072347d9fe47f783a2f7
